{"Pfam": " P04637", "Alternative Transcripts": "TP53_ENST00000545858, TP53_ENST00000269305, TP53_ENST00000455263, TP53_ENST00000414315, TP53_ENST00000413465, TP53_ENST00000420246 ", "Atlas Genetic Oncology": "P53ID88", "Transcript": "ENST00000269305", "CCDS": "CCDS11118.1", "OMIM": "191170", "TP53 is involved in fusions with :": "\nNTRK1_ENST00000392302 ( 1 mutations in 38 samples )  \n                  ", "Genomic Coordinates": "\n17:7669609..7676594\u00a0\n          (negative strand)\n        ", "Synonyms": "LFS1,P53,TRP53,p53,CCDS11118.1,P04637,ENSG00000141510", "IARC": "IARC TP53 Database", "Copy Number": "CONAN", "Gene name": "TP53\n        \n This is a known cancer gene, for more information please look here\n\n This is an expert curated gene, for more information please look here\n", "No.of Samples": "\n          Total number of unique samples: 125062 \n          Unique samples with mutations:  30504\n          ", "Drug Sensitivity Data:": "Mutations in TP53 are associated with altered sensitivity to the following drug(s) :  Imatinib more\n\nAZD-0530,  GNF-2,  Epothilone B,  AICAR,  Docetaxel,  Methotrexate,  CCT018159,  Nutlin-3a,  Etoposide,  GNF-2,  Epothilone B,  Thapsigargin,  OSU-03012,  Nutlin-3a\nClick here for all TP53 drug sensitivity data\n         \n", "Protein Sequence": "TP53", "Gene Id": "COSG501", "Transcript and Protein Aligned": "ENST00000269305+TP53", "Swiss-prot": "P04637", "cDNA Sequence": "ENST00000269305", "Genome Browsers": "Ensembl, UCSC", "HGNC": "11998"}
